"","mean","0.025quant","0.975quant"
"pccycle_11",0.963146128337065,0.959676085756809,0.966614887446258
"pcwalk_11",0.994910878050542,0.992813456282288,0.997008628784138
