"","mean","0.025quant","0.975quant"
"pccycle_11",0.9633189444867,0.95983483304122,0.966801825871568
"pcwalk_11",0.994929936893007,0.992822549672955,0.997037672070023
