"","mean","sd","0.025quant","0.5quant","0.975quant","mode","kld"
"(Intercept)",1.39562204485731,1.01388895443133,1.35826526910272,1.39564522732808,1.43383870208869,1.39569341843326,1
"pccycle_11",0.963146128337065,1.00183694614683,0.959676085756809,0.963148041651723,0.966614887446258,0.963152034074567,1
"pcwalk_11",0.994910878050542,1.00107482579877,0.992813456282288,0.994911270299281,0.997008628784138,0.994912148648192,1
"imd_15",1.00577275389672,1.00033805745966,1.00510538283332,1.00577279594738,1.00643972423794,1.00577290920338,1.00000000000003
"pcsmoke_12",1.0057318659132,1.00071620247031,1.00431915217497,1.00573184776322,1.00714537355671,1.00573187231282,1
"excess_wt_12_14",1.00805547251138,1.00036755748662,1.00732857595335,1.00805540685253,1.0087825922702,1.00805530636435,1
"pc_pa_12",0.982268057556193,1.00035266098877,0.981588204431261,0.98226807935763,0.982947638575159,0.982268152486184,1
